--------------------------------------------------------
--  File created - Friday-December-08-2017   
--------------------------------------------------------
--------------------------------------------------------
--  DDL for Table AUTOR
--------------------------------------------------------

  CREATE TABLE "BRKICMILAN"."AUTOR" 
   (	"ID_AUTORA" NUMBER(*,0), 
	"IME" VARCHAR2(20 BYTE), 
	"PREZIME" VARCHAR2(20 BYTE)
   ) SEGMENT CREATION IMMEDIATE 
  PCTFREE 10 PCTUSED 40 INITRANS 1 MAXTRANS 255 NOCOMPRESS LOGGING
  STORAGE(INITIAL 65536 NEXT 1048576 MINEXTENTS 1 MAXEXTENTS 2147483645
  PCTINCREASE 0 FREELISTS 1 FREELIST GROUPS 1 BUFFER_POOL DEFAULT FLASH_CACHE DEFAULT CELL_FLASH_CACHE DEFAULT)
  TABLESPACE "SYSTEM" ;
--------------------------------------------------------
--  DDL for Table IZDAVANJE
--------------------------------------------------------

  CREATE TABLE "BRKICMILAN"."IZDAVANJE" 
   (	"ID_IZDAVANJA" NUMBER(*,0), 
	"ID_RADNIKA" NUMBER(*,0), 
	"ID_KORISNIKA" NUMBER(*,0), 
	"DATUM_IZDAVANJA" DATE, 
	"DATUM_VRACANJA" DATE, 
	"ID_KNJIGE" NUMBER(*,0)
   ) SEGMENT CREATION IMMEDIATE 
  PCTFREE 10 PCTUSED 40 INITRANS 1 MAXTRANS 255 NOCOMPRESS LOGGING
  STORAGE(INITIAL 65536 NEXT 1048576 MINEXTENTS 1 MAXEXTENTS 2147483645
  PCTINCREASE 0 FREELISTS 1 FREELIST GROUPS 1 BUFFER_POOL DEFAULT FLASH_CACHE DEFAULT CELL_FLASH_CACHE DEFAULT)
  TABLESPACE "SYSTEM" ;
--------------------------------------------------------
--  DDL for Table KNJIGA
--------------------------------------------------------

  CREATE TABLE "BRKICMILAN"."KNJIGA" 
   (	"ID_KNJIGE" NUMBER(*,0), 
	"NAZIV_KNJIGE" VARCHAR2(50 BYTE), 
	"KOLICINA" NUMBER(*,0), 
	"ZANR" VARCHAR2(20 BYTE), 
	"JEZIK" VARCHAR2(20 BYTE), 
	"DATUM_IZDANJA" DATE
   ) SEGMENT CREATION IMMEDIATE 
  PCTFREE 10 PCTUSED 40 INITRANS 1 MAXTRANS 255 NOCOMPRESS LOGGING
  STORAGE(INITIAL 65536 NEXT 1048576 MINEXTENTS 1 MAXEXTENTS 2147483645
  PCTINCREASE 0 FREELISTS 1 FREELIST GROUPS 1 BUFFER_POOL DEFAULT FLASH_CACHE DEFAULT CELL_FLASH_CACHE DEFAULT)
  TABLESPACE "SYSTEM" ;
--------------------------------------------------------
--  DDL for Table KNJIGA_AUTOR
--------------------------------------------------------

  CREATE TABLE "BRKICMILAN"."KNJIGA_AUTOR" 
   (	"ID_SPOJNICE" NUMBER(*,0), 
	"ID_KNJIGE" NUMBER(*,0), 
	"ID_AUTORA" NUMBER(*,0)
   ) SEGMENT CREATION IMMEDIATE 
  PCTFREE 10 PCTUSED 40 INITRANS 1 MAXTRANS 255 NOCOMPRESS LOGGING
  STORAGE(INITIAL 65536 NEXT 1048576 MINEXTENTS 1 MAXEXTENTS 2147483645
  PCTINCREASE 0 FREELISTS 1 FREELIST GROUPS 1 BUFFER_POOL DEFAULT FLASH_CACHE DEFAULT CELL_FLASH_CACHE DEFAULT)
  TABLESPACE "SYSTEM" ;
--------------------------------------------------------
--  DDL for Table KORISNIK
--------------------------------------------------------

  CREATE TABLE "BRKICMILAN"."KORISNIK" 
   (	"ID_KORISNIKA" NUMBER(*,0), 
	"KORISNICKO_IME" VARCHAR2(20 BYTE), 
	"LOZINKA" VARCHAR2(20 BYTE), 
	"IME" VARCHAR2(50 BYTE), 
	"PREZIME" VARCHAR2(50 BYTE), 
	"DATUM_REGISTROVANJA" DATE, 
	"ADRESA" VARCHAR2(50 BYTE), 
	"EMAIL" VARCHAR2(30 BYTE), 
	"BR_TELEFONA" NUMBER, 
	"GRAD" VARCHAR2(250 BYTE), 
	"SLIKA" BLOB
   ) SEGMENT CREATION IMMEDIATE 
  PCTFREE 10 PCTUSED 40 INITRANS 1 MAXTRANS 255 NOCOMPRESS LOGGING
  STORAGE(INITIAL 65536 NEXT 1048576 MINEXTENTS 1 MAXEXTENTS 2147483645
  PCTINCREASE 0 FREELISTS 1 FREELIST GROUPS 1 BUFFER_POOL DEFAULT FLASH_CACHE DEFAULT CELL_FLASH_CACHE DEFAULT)
  TABLESPACE "SYSTEM" 
 LOB ("SLIKA") STORE AS BASICFILE (
  TABLESPACE "SYSTEM" ENABLE STORAGE IN ROW CHUNK 8192 RETENTION 
  NOCACHE LOGGING 
  STORAGE(INITIAL 65536 NEXT 1048576 MINEXTENTS 1 MAXEXTENTS 2147483645
  PCTINCREASE 0 FREELISTS 1 FREELIST GROUPS 1 BUFFER_POOL DEFAULT FLASH_CACHE DEFAULT CELL_FLASH_CACHE DEFAULT)) ;
--------------------------------------------------------
--  DDL for Table RADNIK
--------------------------------------------------------

  CREATE TABLE "BRKICMILAN"."RADNIK" 
   (	"ID_RADNIKA" NUMBER(*,0), 
	"SIFRA" VARCHAR2(20 BYTE), 
	"KORISNICKO_IME" VARCHAR2(20 BYTE), 
	"IME" VARCHAR2(20 BYTE), 
	"PREZIME" VARCHAR2(20 BYTE), 
	"OZNAKA_POSLA" CHAR(1 BYTE), 
	"ADRESA" VARCHAR2(50 BYTE)
   ) SEGMENT CREATION IMMEDIATE 
  PCTFREE 10 PCTUSED 40 INITRANS 1 MAXTRANS 255 NOCOMPRESS LOGGING
  STORAGE(INITIAL 65536 NEXT 1048576 MINEXTENTS 1 MAXEXTENTS 2147483645
  PCTINCREASE 0 FREELISTS 1 FREELIST GROUPS 1 BUFFER_POOL DEFAULT FLASH_CACHE DEFAULT CELL_FLASH_CACHE DEFAULT)
  TABLESPACE "SYSTEM" ;
--------------------------------------------------------
--  DDL for Sequence AUTOR_SEQ
--------------------------------------------------------

   CREATE SEQUENCE  "BRKICMILAN"."AUTOR_SEQ"  MINVALUE 1 MAXVALUE 9999999999999999999999999999 INCREMENT BY 1 START WITH 21 CACHE 20 NOORDER  NOCYCLE ;
--------------------------------------------------------
--  DDL for Sequence IZDAVANJE_SEQ
--------------------------------------------------------

   CREATE SEQUENCE  "BRKICMILAN"."IZDAVANJE_SEQ"  MINVALUE 1 MAXVALUE 9999999999999999999999999999 INCREMENT BY 1 START WITH 21 CACHE 20 NOORDER  NOCYCLE ;
--------------------------------------------------------
--  DDL for Sequence KNJIGA_AUTOR_SEQ
--------------------------------------------------------

   CREATE SEQUENCE  "BRKICMILAN"."KNJIGA_AUTOR_SEQ"  MINVALUE 1 MAXVALUE 9999999999999999999999999999 INCREMENT BY 1 START WITH 21 CACHE 20 NOORDER  NOCYCLE ;
--------------------------------------------------------
--  DDL for Sequence KNJIGA_SEQ
--------------------------------------------------------

   CREATE SEQUENCE  "BRKICMILAN"."KNJIGA_SEQ"  MINVALUE 1 MAXVALUE 9999999999999999999999999999 INCREMENT BY 1 START WITH 21 CACHE 20 NOORDER  NOCYCLE ;
--------------------------------------------------------
--  DDL for Sequence KORISNIK_SEQ
--------------------------------------------------------

   CREATE SEQUENCE  "BRKICMILAN"."KORISNIK_SEQ"  MINVALUE 1 MAXVALUE 9999999999999999999999999999 INCREMENT BY 1 START WITH 21 CACHE 20 NOORDER  NOCYCLE ;
--------------------------------------------------------
--  DDL for Sequence RADNIK_SEQ
--------------------------------------------------------

   CREATE SEQUENCE  "BRKICMILAN"."RADNIK_SEQ"  MINVALUE 1 MAXVALUE 9999999999999999999999999999 INCREMENT BY 1 START WITH 21 CACHE 20 NOORDER  NOCYCLE ;
REM INSERTING into BRKICMILAN.AUTOR
SET DEFINE OFF;
Insert into BRKICMILAN.AUTOR (ID_AUTORA,IME,PREZIME) values (1,'Ivo','Andric');
Insert into BRKICMILAN.AUTOR (ID_AUTORA,IME,PREZIME) values (2,'Borisav','Stankovic');
Insert into BRKICMILAN.AUTOR (ID_AUTORA,IME,PREZIME) values (3,'Vilijam','Šekspir');
Insert into BRKICMILAN.AUTOR (ID_AUTORA,IME,PREZIME) values (4,'Jovan','Sterija Popovic');
Insert into BRKICMILAN.AUTOR (ID_AUTORA,IME,PREZIME) values (5,'Migel','de Servantes');
Insert into BRKICMILAN.AUTOR (ID_AUTORA,IME,PREZIME) values (6,'Lav','Tolstoj');
REM INSERTING into BRKICMILAN.IZDAVANJE
SET DEFINE OFF;
Insert into BRKICMILAN.IZDAVANJE (ID_IZDAVANJA,ID_RADNIKA,ID_KORISNIKA,DATUM_IZDAVANJA,DATUM_VRACANJA,ID_KNJIGE) values (1,2,1,to_date('11-JUN-13','DD-MON-RR'),to_date('21-JUN-13','DD-MON-RR'),2);
Insert into BRKICMILAN.IZDAVANJE (ID_IZDAVANJA,ID_RADNIKA,ID_KORISNIKA,DATUM_IZDAVANJA,DATUM_VRACANJA,ID_KNJIGE) values (2,2,2,to_date('10-DEC-13','DD-MON-RR'),to_date('30-DEC-13','DD-MON-RR'),3);
Insert into BRKICMILAN.IZDAVANJE (ID_IZDAVANJA,ID_RADNIKA,ID_KORISNIKA,DATUM_IZDAVANJA,DATUM_VRACANJA,ID_KNJIGE) values (3,2,3,to_date('09-JUN-13','DD-MON-RR'),to_date('29-JUN-13','DD-MON-RR'),4);
Insert into BRKICMILAN.IZDAVANJE (ID_IZDAVANJA,ID_RADNIKA,ID_KORISNIKA,DATUM_IZDAVANJA,DATUM_VRACANJA,ID_KNJIGE) values (4,3,4,to_date('08-DEC-13','DD-MON-RR'),to_date('28-DEC-13','DD-MON-RR'),4);
Insert into BRKICMILAN.IZDAVANJE (ID_IZDAVANJA,ID_RADNIKA,ID_KORISNIKA,DATUM_IZDAVANJA,DATUM_VRACANJA,ID_KNJIGE) values (5,3,6,to_date('07-FEB-13','DD-MON-RR'),to_date('27-JUN-13','DD-MON-RR'),5);
Insert into BRKICMILAN.IZDAVANJE (ID_IZDAVANJA,ID_RADNIKA,ID_KORISNIKA,DATUM_IZDAVANJA,DATUM_VRACANJA,ID_KNJIGE) values (6,1,2,to_date('07-JAN-05','DD-MON-RR'),to_date('15-JAN-05','DD-MON-RR'),3);
REM INSERTING into BRKICMILAN.KNJIGA
SET DEFINE OFF;
Insert into BRKICMILAN.KNJIGA (ID_KNJIGE,NAZIV_KNJIGE,KOLICINA,ZANR,JEZIK,DATUM_IZDANJA) values (2,'Na Drini curija',5,'HHronika','Srpski',to_date('21-DEC-95','DD-MON-RR'));
Insert into BRKICMILAN.KNJIGA (ID_KNJIGE,NAZIV_KNJIGE,KOLICINA,ZANR,JEZIK,DATUM_IZDANJA) values (3,'Kostana',3,'Drama','Srpski',to_date('18-DEC-80','DD-MON-RR'));
Insert into BRKICMILAN.KNJIGA (ID_KNJIGE,NAZIV_KNJIGE,KOLICINA,ZANR,JEZIK,DATUM_IZDANJA) values (4,'Romeo i Julija',2,'Tragedija','Srpski',to_date('23-DEC-03','DD-MON-RR'));
Insert into BRKICMILAN.KNJIGA (ID_KNJIGE,NAZIV_KNJIGE,KOLICINA,ZANR,JEZIK,DATUM_IZDANJA) values (5,'Tvrdica',4,'Komedija','Srpski',to_date('18-DEC-09','DD-MON-RR'));
Insert into BRKICMILAN.KNJIGA (ID_KNJIGE,NAZIV_KNJIGE,KOLICINA,ZANR,JEZIK,DATUM_IZDANJA) values (1,'Znakovi pored puta',4,'Pripovetke','Srpski',to_date('15-JUN-13','DD-MON-RR'));
Insert into BRKICMILAN.KNJIGA (ID_KNJIGE,NAZIV_KNJIGE,KOLICINA,ZANR,JEZIK,DATUM_IZDANJA) values (6,'Najlepse bajke',3,'Pripovetke','Srpski',to_date('14-JUN-10','DD-MON-RR'));
Insert into BRKICMILAN.KNJIGA (ID_KNJIGE,NAZIV_KNJIGE,KOLICINA,ZANR,JEZIK,DATUM_IZDANJA) values (7,'Basne',4,'Pripovetke','Srpski',to_date('14-JUN-10','DD-MON-RR'));
Insert into BRKICMILAN.KNJIGA (ID_KNJIGE,NAZIV_KNJIGE,KOLICINA,ZANR,JEZIK,DATUM_IZDANJA) values (8,'Don Kihot',5,'Pripovetke','Srpski',to_date('14-JUN-10','DD-MON-RR'));
REM INSERTING into BRKICMILAN.KNJIGA_AUTOR
SET DEFINE OFF;
Insert into BRKICMILAN.KNJIGA_AUTOR (ID_SPOJNICE,ID_KNJIGE,ID_AUTORA) values (1,2,1);
Insert into BRKICMILAN.KNJIGA_AUTOR (ID_SPOJNICE,ID_KNJIGE,ID_AUTORA) values (2,3,2);
Insert into BRKICMILAN.KNJIGA_AUTOR (ID_SPOJNICE,ID_KNJIGE,ID_AUTORA) values (3,4,3);
Insert into BRKICMILAN.KNJIGA_AUTOR (ID_SPOJNICE,ID_KNJIGE,ID_AUTORA) values (4,5,4);
Insert into BRKICMILAN.KNJIGA_AUTOR (ID_SPOJNICE,ID_KNJIGE,ID_AUTORA) values (5,8,6);
Insert into BRKICMILAN.KNJIGA_AUTOR (ID_SPOJNICE,ID_KNJIGE,ID_AUTORA) values (6,7,5);
REM INSERTING into BRKICMILAN.KORISNIK
SET DEFINE OFF;
Insert into BRKICMILAN.KORISNIK (ID_KORISNIKA,KORISNICKO_IME,LOZINKA,IME,PREZIME,DATUM_REGISTROVANJA,ADRESA,EMAIL,BR_TELEFONA,GRAD) values (5,'pera123','pera321','Petar','Petrovic',to_date('11-DEC-14','DD-MON-RR'),'cara Dusana 196','ladja@lahfalsd',68431,'Beograd');
Insert into BRKICMILAN.KORISNIK (ID_KORISNIKA,KORISNICKO_IME,LOZINKA,IME,PREZIME,DATUM_REGISTROVANJA,ADRESA,EMAIL,BR_TELEFONA,GRAD) values (1,'zika123','zika321','Zivorad','Zivotic',to_date('08-DEC-15','DD-MON-RR'),'cara Dusana 195','sf5456@lahfalsd',68431,'Beograd');
Insert into BRKICMILAN.KORISNIK (ID_KORISNIKA,KORISNICKO_IME,LOZINKA,IME,PREZIME,DATUM_REGISTROVANJA,ADRESA,EMAIL,BR_TELEFONA,GRAD) values (2,'mika123','mika321','Milosav','Crnomarkovic',to_date('01-DEC-14','DD-MON-RR'),'cara Dusana 196','la845dja@lahfalsd',68431,'Leskovac');
Insert into BRKICMILAN.KORISNIK (ID_KORISNIKA,KORISNICKO_IME,LOZINKA,IME,PREZIME,DATUM_REGISTROVANJA,ADRESA,EMAIL,BR_TELEFONA,GRAD) values (3,'trta123','trta321','Miodragg','Pejic',to_date('11-JUN-14','DD-MON-RR'),'cara Dusana 51','la98741dja@lahfalsd',68431,'Nis');
Insert into BRKICMILAN.KORISNIK (ID_KORISNIKA,KORISNICKO_IME,LOZINKA,IME,PREZIME,DATUM_REGISTROVANJA,ADRESA,EMAIL,BR_TELEFONA,GRAD) values (4,'laza123','laza321','Jovan','Stajic',to_date('15-DEC-14','DD-MON-RR'),'cara Dusana 18','lasdf84dja@lahfalsd',68431,'Paracin');
Insert into BRKICMILAN.KORISNIK (ID_KORISNIKA,KORISNICKO_IME,LOZINKA,IME,PREZIME,DATUM_REGISTROVANJA,ADRESA,EMAIL,BR_TELEFONA,GRAD) values (6,'JOCA123','jole321','Jovan','Zivotic',to_date('08-DEC-15','DD-MON-RR'),'cara Dusana 195','asd84684@lahfalsd',6864431,'Beograd');
Insert into BRKICMILAN.KORISNIK (ID_KORISNIKA,KORISNICKO_IME,LOZINKA,IME,PREZIME,DATUM_REGISTROVANJA,ADRESA,EMAIL,BR_TELEFONA,GRAD) values (7,'ADAS','ASDASSD','aLEKSA','mAKSIMOIC',to_date('07-DEC-07','DD-MON-RR'),'ljasdljasd','llajsdad@asd',684312,'Beogad');
Insert into BRKICMILAN.KORISNIK (ID_KORISNIKA,KORISNICKO_IME,LOZINKA,IME,PREZIME,DATUM_REGISTROVANJA,ADRESA,EMAIL,BR_TELEFONA,GRAD) values (8,'asf','asad','asfasf','asfasf',to_date('07-DEC-07','DD-MON-RR'),'safasf','llajsdsdfdsad@asd',68431234,'Beogad');
Insert into BRKICMILAN.KORISNIK (ID_KORISNIKA,KORISNICKO_IME,LOZINKA,IME,PREZIME,DATUM_REGISTROVANJA,ADRESA,EMAIL,BR_TELEFONA,GRAD) values (9,'AsddDAS','ASDddsdsSSD','sds','mAKSIMOIC',to_date('07-DEC-07','DD-MON-RR'),'dsd','llajsdad@asd',44354,'sdsd');
Insert into BRKICMILAN.KORISNIK (ID_KORISNIKA,KORISNICKO_IME,LOZINKA,IME,PREZIME,DATUM_REGISTROVANJA,ADRESA,EMAIL,BR_TELEFONA,GRAD) values (11,'yrtugv','[ou','sds','jgv',to_date('07-DEC-07','DD-MON-RR'),'dsd','llajsdad@asd',88841,'sdsd');
Insert into BRKICMILAN.KORISNIK (ID_KORISNIKA,KORISNICKO_IME,LOZINKA,IME,PREZIME,DATUM_REGISTROVANJA,ADRESA,EMAIL,BR_TELEFONA,GRAD) values (10,'afdf','sdfsdf','sdfsdf','sdfsdf',to_date('07-DEC-07','DD-MON-RR'),'asdasdad','fafaf',88416154,'sdfd');
Insert into BRKICMILAN.KORISNIK (ID_KORISNIKA,KORISNICKO_IME,LOZINKA,IME,PREZIME,DATUM_REGISTROVANJA,ADRESA,EMAIL,BR_TELEFONA,GRAD) values (12,'yrtugv','[ou','sdsds','asdad',to_date('07-JUN-07','DD-MON-RR'),'dsd','dsds@asd',88841,'sdsd');
REM INSERTING into BRKICMILAN.RADNIK
SET DEFINE OFF;
Insert into BRKICMILAN.RADNIK (ID_RADNIKA,SIFRA,KORISNICKO_IME,IME,PREZIME,OZNAKA_POSLA,ADRESA) values (1,'ada4541','luka123','Luka','Lucic','D','Sremskh boraca 69');
Insert into BRKICMILAN.RADNIK (ID_RADNIKA,SIFRA,KORISNICKO_IME,IME,PREZIME,OZNAKA_POSLA,ADRESA) values (2,'ad23a4541','luka1234','Arandjel','Opacic','B','Kovinjska 124');
Insert into BRKICMILAN.RADNIK (ID_RADNIKA,SIFRA,KORISNICKO_IME,IME,PREZIME,OZNAKA_POSLA,ADRESA) values (3,'ada2324541','luka1253','Milan','Slepic','B','marsala Tita 64');
Insert into BRKICMILAN.RADNIK (ID_RADNIKA,SIFRA,KORISNICKO_IME,IME,PREZIME,OZNAKA_POSLA,ADRESA) values (4,'ADASD','ASDASDASD','ADSASD','ASDASASD','C','ASDASDASDAD');
--------------------------------------------------------
--  DDL for Index AUTOR_PK
--------------------------------------------------------

  CREATE UNIQUE INDEX "BRKICMILAN"."AUTOR_PK" ON "BRKICMILAN"."AUTOR" ("ID_AUTORA") 
  PCTFREE 10 INITRANS 2 MAXTRANS 255 COMPUTE STATISTICS 
  STORAGE(INITIAL 65536 NEXT 1048576 MINEXTENTS 1 MAXEXTENTS 2147483645
  PCTINCREASE 0 FREELISTS 1 FREELIST GROUPS 1 BUFFER_POOL DEFAULT FLASH_CACHE DEFAULT CELL_FLASH_CACHE DEFAULT)
  TABLESPACE "SYSTEM" ;
--------------------------------------------------------
--  DDL for Index IZDAVANJE_PK
--------------------------------------------------------

  CREATE UNIQUE INDEX "BRKICMILAN"."IZDAVANJE_PK" ON "BRKICMILAN"."IZDAVANJE" ("ID_IZDAVANJA") 
  PCTFREE 10 INITRANS 2 MAXTRANS 255 COMPUTE STATISTICS 
  STORAGE(INITIAL 65536 NEXT 1048576 MINEXTENTS 1 MAXEXTENTS 2147483645
  PCTINCREASE 0 FREELISTS 1 FREELIST GROUPS 1 BUFFER_POOL DEFAULT FLASH_CACHE DEFAULT CELL_FLASH_CACHE DEFAULT)
  TABLESPACE "SYSTEM" ;
--------------------------------------------------------
--  DDL for Index KNJIGA_AUTOR_PK
--------------------------------------------------------

  CREATE UNIQUE INDEX "BRKICMILAN"."KNJIGA_AUTOR_PK" ON "BRKICMILAN"."KNJIGA_AUTOR" ("ID_SPOJNICE") 
  PCTFREE 10 INITRANS 2 MAXTRANS 255 COMPUTE STATISTICS 
  STORAGE(INITIAL 65536 NEXT 1048576 MINEXTENTS 1 MAXEXTENTS 2147483645
  PCTINCREASE 0 FREELISTS 1 FREELIST GROUPS 1 BUFFER_POOL DEFAULT FLASH_CACHE DEFAULT CELL_FLASH_CACHE DEFAULT)
  TABLESPACE "SYSTEM" ;
--------------------------------------------------------
--  DDL for Index KNJIGA_PK
--------------------------------------------------------

  CREATE UNIQUE INDEX "BRKICMILAN"."KNJIGA_PK" ON "BRKICMILAN"."KNJIGA" ("ID_KNJIGE") 
  PCTFREE 10 INITRANS 2 MAXTRANS 255 COMPUTE STATISTICS 
  STORAGE(INITIAL 65536 NEXT 1048576 MINEXTENTS 1 MAXEXTENTS 2147483645
  PCTINCREASE 0 FREELISTS 1 FREELIST GROUPS 1 BUFFER_POOL DEFAULT FLASH_CACHE DEFAULT CELL_FLASH_CACHE DEFAULT)
  TABLESPACE "SYSTEM" ;
--------------------------------------------------------
--  DDL for Index KORISNIK_PK
--------------------------------------------------------

  CREATE UNIQUE INDEX "BRKICMILAN"."KORISNIK_PK" ON "BRKICMILAN"."KORISNIK" ("ID_KORISNIKA") 
  PCTFREE 10 INITRANS 2 MAXTRANS 255 COMPUTE STATISTICS 
  STORAGE(INITIAL 65536 NEXT 1048576 MINEXTENTS 1 MAXEXTENTS 2147483645
  PCTINCREASE 0 FREELISTS 1 FREELIST GROUPS 1 BUFFER_POOL DEFAULT FLASH_CACHE DEFAULT CELL_FLASH_CACHE DEFAULT)
  TABLESPACE "SYSTEM" ;
--------------------------------------------------------
--  DDL for Index RADNIK_PK
--------------------------------------------------------

  CREATE UNIQUE INDEX "BRKICMILAN"."RADNIK_PK" ON "BRKICMILAN"."RADNIK" ("ID_RADNIKA") 
  PCTFREE 10 INITRANS 2 MAXTRANS 255 COMPUTE STATISTICS 
  STORAGE(INITIAL 65536 NEXT 1048576 MINEXTENTS 1 MAXEXTENTS 2147483645
  PCTINCREASE 0 FREELISTS 1 FREELIST GROUPS 1 BUFFER_POOL DEFAULT FLASH_CACHE DEFAULT CELL_FLASH_CACHE DEFAULT)
  TABLESPACE "SYSTEM" ;
--------------------------------------------------------
--  DDL for Trigger AUTOR_TRG
--------------------------------------------------------

  CREATE OR REPLACE TRIGGER "BRKICMILAN"."AUTOR_TRG" 
BEFORE INSERT ON AUTOR 
FOR EACH ROW 
BEGIN
  <<COLUMN_SEQUENCES>>
  BEGIN
    IF INSERTING AND :NEW.ID_AUTORA IS NULL THEN
      SELECT AUTOR_SEQ.NEXTVAL INTO :NEW.ID_AUTORA FROM SYS.DUAL;
    END IF;
  END COLUMN_SEQUENCES;
END;
/
ALTER TRIGGER "BRKICMILAN"."AUTOR_TRG" ENABLE;
--------------------------------------------------------
--  DDL for Trigger IZDAVANJE_TRG
--------------------------------------------------------

  CREATE OR REPLACE TRIGGER "BRKICMILAN"."IZDAVANJE_TRG" 
BEFORE INSERT ON IZDAVANJE 
FOR EACH ROW 
BEGIN
  <<COLUMN_SEQUENCES>>
  BEGIN
    IF INSERTING AND :NEW.ID_IZDAVANJA IS NULL THEN
      SELECT IZDAVANJE_SEQ.NEXTVAL INTO :NEW.ID_IZDAVANJA FROM SYS.DUAL;
    END IF;
  END COLUMN_SEQUENCES;
END;
/
ALTER TRIGGER "BRKICMILAN"."IZDAVANJE_TRG" ENABLE;
--------------------------------------------------------
--  DDL for Trigger KNJIGA_AUTOR_TRG
--------------------------------------------------------

  CREATE OR REPLACE TRIGGER "BRKICMILAN"."KNJIGA_AUTOR_TRG" 
BEFORE INSERT ON KNJIGA_AUTOR 
FOR EACH ROW 
BEGIN
  <<COLUMN_SEQUENCES>>
  BEGIN
    IF INSERTING AND :NEW.ID_SPOJNICE IS NULL THEN
      SELECT KNJIGA_AUTOR_SEQ.NEXTVAL INTO :NEW.ID_SPOJNICE FROM SYS.DUAL;
    END IF;
  END COLUMN_SEQUENCES;
END;
/
ALTER TRIGGER "BRKICMILAN"."KNJIGA_AUTOR_TRG" ENABLE;
--------------------------------------------------------
--  DDL for Trigger KNJIGA_TRG
--------------------------------------------------------

  CREATE OR REPLACE TRIGGER "BRKICMILAN"."KNJIGA_TRG" 
BEFORE INSERT ON KNJIGA 
FOR EACH ROW 
BEGIN
  <<COLUMN_SEQUENCES>>
  BEGIN
    IF INSERTING AND :NEW.ID_KNJIGE IS NULL THEN
      SELECT KNJIGA_SEQ.NEXTVAL INTO :NEW.ID_KNJIGE FROM SYS.DUAL;
    END IF;
  END COLUMN_SEQUENCES;
END;
/
ALTER TRIGGER "BRKICMILAN"."KNJIGA_TRG" ENABLE;
--------------------------------------------------------
--  DDL for Trigger KORISNIK_TRG
--------------------------------------------------------

  CREATE OR REPLACE TRIGGER "BRKICMILAN"."KORISNIK_TRG" 
BEFORE INSERT ON KORISNIK 
FOR EACH ROW 
BEGIN
  <<COLUMN_SEQUENCES>>
  BEGIN
    IF INSERTING AND :NEW.ID_KORISNIKA IS NULL THEN
      SELECT KORISNIK_SEQ.NEXTVAL INTO :NEW.ID_KORISNIKA FROM SYS.DUAL;
    END IF;
  END COLUMN_SEQUENCES;
END;
/
ALTER TRIGGER "BRKICMILAN"."KORISNIK_TRG" ENABLE;
--------------------------------------------------------
--  DDL for Trigger RADNIK_TRG
--------------------------------------------------------

  CREATE OR REPLACE TRIGGER "BRKICMILAN"."RADNIK_TRG" 
BEFORE INSERT ON RADNIK 
FOR EACH ROW 
BEGIN
  <<COLUMN_SEQUENCES>>
  BEGIN
    IF INSERTING AND :NEW.ID_RADNIKA IS NULL THEN
      SELECT RADNIK_SEQ.NEXTVAL INTO :NEW.ID_RADNIKA FROM SYS.DUAL;
    END IF;
  END COLUMN_SEQUENCES;
END;
/
ALTER TRIGGER "BRKICMILAN"."RADNIK_TRG" ENABLE;
--------------------------------------------------------
--  Constraints for Table AUTOR
--------------------------------------------------------

  ALTER TABLE "BRKICMILAN"."AUTOR" ADD CONSTRAINT "AUTOR_PK" PRIMARY KEY ("ID_AUTORA")
  USING INDEX PCTFREE 10 INITRANS 2 MAXTRANS 255 COMPUTE STATISTICS 
  STORAGE(INITIAL 65536 NEXT 1048576 MINEXTENTS 1 MAXEXTENTS 2147483645
  PCTINCREASE 0 FREELISTS 1 FREELIST GROUPS 1 BUFFER_POOL DEFAULT FLASH_CACHE DEFAULT CELL_FLASH_CACHE DEFAULT)
  TABLESPACE "SYSTEM"  ENABLE;
  ALTER TABLE "BRKICMILAN"."AUTOR" MODIFY ("PREZIME" NOT NULL ENABLE);
  ALTER TABLE "BRKICMILAN"."AUTOR" MODIFY ("IME" NOT NULL ENABLE);
  ALTER TABLE "BRKICMILAN"."AUTOR" MODIFY ("ID_AUTORA" NOT NULL ENABLE);
--------------------------------------------------------
--  Constraints for Table IZDAVANJE
--------------------------------------------------------

  ALTER TABLE "BRKICMILAN"."IZDAVANJE" ADD CONSTRAINT "IZDAVANJE_PK" PRIMARY KEY ("ID_IZDAVANJA")
  USING INDEX PCTFREE 10 INITRANS 2 MAXTRANS 255 COMPUTE STATISTICS 
  STORAGE(INITIAL 65536 NEXT 1048576 MINEXTENTS 1 MAXEXTENTS 2147483645
  PCTINCREASE 0 FREELISTS 1 FREELIST GROUPS 1 BUFFER_POOL DEFAULT FLASH_CACHE DEFAULT CELL_FLASH_CACHE DEFAULT)
  TABLESPACE "SYSTEM"  ENABLE;
  ALTER TABLE "BRKICMILAN"."IZDAVANJE" MODIFY ("ID_KNJIGE" NOT NULL ENABLE);
  ALTER TABLE "BRKICMILAN"."IZDAVANJE" MODIFY ("DATUM_VRACANJA" NOT NULL ENABLE);
  ALTER TABLE "BRKICMILAN"."IZDAVANJE" MODIFY ("DATUM_IZDAVANJA" NOT NULL ENABLE);
  ALTER TABLE "BRKICMILAN"."IZDAVANJE" MODIFY ("ID_KORISNIKA" NOT NULL ENABLE);
  ALTER TABLE "BRKICMILAN"."IZDAVANJE" MODIFY ("ID_RADNIKA" NOT NULL ENABLE);
  ALTER TABLE "BRKICMILAN"."IZDAVANJE" MODIFY ("ID_IZDAVANJA" NOT NULL ENABLE);
--------------------------------------------------------
--  Constraints for Table KNJIGA
--------------------------------------------------------

  ALTER TABLE "BRKICMILAN"."KNJIGA" ADD CONSTRAINT "KNJIGA_PK" PRIMARY KEY ("ID_KNJIGE")
  USING INDEX PCTFREE 10 INITRANS 2 MAXTRANS 255 COMPUTE STATISTICS 
  STORAGE(INITIAL 65536 NEXT 1048576 MINEXTENTS 1 MAXEXTENTS 2147483645
  PCTINCREASE 0 FREELISTS 1 FREELIST GROUPS 1 BUFFER_POOL DEFAULT FLASH_CACHE DEFAULT CELL_FLASH_CACHE DEFAULT)
  TABLESPACE "SYSTEM"  ENABLE;
  ALTER TABLE "BRKICMILAN"."KNJIGA" MODIFY ("DATUM_IZDANJA" NOT NULL ENABLE);
  ALTER TABLE "BRKICMILAN"."KNJIGA" MODIFY ("JEZIK" NOT NULL ENABLE);
  ALTER TABLE "BRKICMILAN"."KNJIGA" MODIFY ("ZANR" NOT NULL ENABLE);
  ALTER TABLE "BRKICMILAN"."KNJIGA" MODIFY ("KOLICINA" NOT NULL ENABLE);
  ALTER TABLE "BRKICMILAN"."KNJIGA" MODIFY ("NAZIV_KNJIGE" NOT NULL ENABLE);
  ALTER TABLE "BRKICMILAN"."KNJIGA" MODIFY ("ID_KNJIGE" NOT NULL ENABLE);
--------------------------------------------------------
--  Constraints for Table KNJIGA_AUTOR
--------------------------------------------------------

  ALTER TABLE "BRKICMILAN"."KNJIGA_AUTOR" ADD CONSTRAINT "KNJIGA_AUTOR_PK" PRIMARY KEY ("ID_SPOJNICE")
  USING INDEX PCTFREE 10 INITRANS 2 MAXTRANS 255 COMPUTE STATISTICS 
  STORAGE(INITIAL 65536 NEXT 1048576 MINEXTENTS 1 MAXEXTENTS 2147483645
  PCTINCREASE 0 FREELISTS 1 FREELIST GROUPS 1 BUFFER_POOL DEFAULT FLASH_CACHE DEFAULT CELL_FLASH_CACHE DEFAULT)
  TABLESPACE "SYSTEM"  ENABLE;
  ALTER TABLE "BRKICMILAN"."KNJIGA_AUTOR" MODIFY ("ID_AUTORA" NOT NULL ENABLE);
  ALTER TABLE "BRKICMILAN"."KNJIGA_AUTOR" MODIFY ("ID_KNJIGE" NOT NULL ENABLE);
  ALTER TABLE "BRKICMILAN"."KNJIGA_AUTOR" MODIFY ("ID_SPOJNICE" NOT NULL ENABLE);
--------------------------------------------------------
--  Constraints for Table KORISNIK
--------------------------------------------------------

  ALTER TABLE "BRKICMILAN"."KORISNIK" ADD CONSTRAINT "KORISNIK_PK" PRIMARY KEY ("ID_KORISNIKA")
  USING INDEX PCTFREE 10 INITRANS 2 MAXTRANS 255 COMPUTE STATISTICS 
  STORAGE(INITIAL 65536 NEXT 1048576 MINEXTENTS 1 MAXEXTENTS 2147483645
  PCTINCREASE 0 FREELISTS 1 FREELIST GROUPS 1 BUFFER_POOL DEFAULT FLASH_CACHE DEFAULT CELL_FLASH_CACHE DEFAULT)
  TABLESPACE "SYSTEM"  ENABLE;
  ALTER TABLE "BRKICMILAN"."KORISNIK" MODIFY ("GRAD" NOT NULL ENABLE);
  ALTER TABLE "BRKICMILAN"."KORISNIK" MODIFY ("BR_TELEFONA" NOT NULL ENABLE);
  ALTER TABLE "BRKICMILAN"."KORISNIK" MODIFY ("EMAIL" NOT NULL ENABLE);
  ALTER TABLE "BRKICMILAN"."KORISNIK" MODIFY ("ADRESA" NOT NULL ENABLE);
  ALTER TABLE "BRKICMILAN"."KORISNIK" MODIFY ("DATUM_REGISTROVANJA" NOT NULL ENABLE);
  ALTER TABLE "BRKICMILAN"."KORISNIK" MODIFY ("PREZIME" NOT NULL ENABLE);
  ALTER TABLE "BRKICMILAN"."KORISNIK" MODIFY ("IME" NOT NULL ENABLE);
  ALTER TABLE "BRKICMILAN"."KORISNIK" MODIFY ("LOZINKA" NOT NULL ENABLE);
  ALTER TABLE "BRKICMILAN"."KORISNIK" MODIFY ("KORISNICKO_IME" NOT NULL ENABLE);
  ALTER TABLE "BRKICMILAN"."KORISNIK" MODIFY ("ID_KORISNIKA" NOT NULL ENABLE);
--------------------------------------------------------
--  Constraints for Table RADNIK
--------------------------------------------------------

  ALTER TABLE "BRKICMILAN"."RADNIK" ADD CONSTRAINT "RADNIK_PK" PRIMARY KEY ("ID_RADNIKA")
  USING INDEX PCTFREE 10 INITRANS 2 MAXTRANS 255 COMPUTE STATISTICS 
  STORAGE(INITIAL 65536 NEXT 1048576 MINEXTENTS 1 MAXEXTENTS 2147483645
  PCTINCREASE 0 FREELISTS 1 FREELIST GROUPS 1 BUFFER_POOL DEFAULT FLASH_CACHE DEFAULT CELL_FLASH_CACHE DEFAULT)
  TABLESPACE "SYSTEM"  ENABLE;
  ALTER TABLE "BRKICMILAN"."RADNIK" MODIFY ("ADRESA" NOT NULL ENABLE);
  ALTER TABLE "BRKICMILAN"."RADNIK" MODIFY ("OZNAKA_POSLA" NOT NULL ENABLE);
  ALTER TABLE "BRKICMILAN"."RADNIK" MODIFY ("PREZIME" NOT NULL ENABLE);
  ALTER TABLE "BRKICMILAN"."RADNIK" MODIFY ("IME" NOT NULL ENABLE);
  ALTER TABLE "BRKICMILAN"."RADNIK" MODIFY ("KORISNICKO_IME" NOT NULL ENABLE);
  ALTER TABLE "BRKICMILAN"."RADNIK" MODIFY ("SIFRA" NOT NULL ENABLE);
  ALTER TABLE "BRKICMILAN"."RADNIK" MODIFY ("ID_RADNIKA" NOT NULL ENABLE);
